SES, Blue
SES, Red
SE, Beige
SE, Green
S, Beige
SES, Green
SE, Black
SE, Green
SE, Red
S, Green
SES, White
S, Beige
SES, Black
SE, Blue
S, White
S, White
SES, Black
SES, Black
SES, Black
SES, Black
SES, Black
SES, Black
SES, Black
SES, Black
SES, Black
SES, Black
SES, Black
SES, Black
SES, Black
SES, Black
SES, Black
SES, Black
SEL, Blue
SES, Red
S, Beige
S, White
SEL, Blue
SES, Red
S, Beige
S, White
SEL, Blue
SES, Red
S, Beige
S, White
SEL, Blue
SES, Red
S, Beige
S, White
SEL, Blue
SES, Red
S, Beige
S, White
SEL, Blue
SES, Red
S, Beige
S, White
SEL, Blue
SES, Red
S, Beige
S, White
SEL, Blue
SES, Red
S, Beige
S, White
SEL, Blue
SES, Red
S, Beige
S, White
SEL, Blue
SES, Red
S, Beige
S, White
SEL, Blue
SES, Red
S, Beige
S, White
SEL, Blue
SES, Red
S, Beige
S, White
